ts,provider,model,tag,input_tokens,output_tokens
2026-07-02T02:00:31,anthropic,claude-sonnet-5,selftest,26,4
2026-07-02T02:02:25,anthropic,claude-sonnet-5,ML26022A036#0,14529,4498
2026-07-02T02:02:52,anthropic,claude-sonnet-5,ML25122A139#0,14102,3932
2026-07-02T02:07:25,anthropic,claude-sonnet-5,ML26022A036#0,14529,4281
2026-07-02T02:07:51,anthropic,claude-sonnet-5,ML25122A139#0,14102,3819
2026-07-03T01:58:02,anthropic,claude-sonnet-5,ML26022A036#0,15201,4043
2026-07-03T01:58:30,anthropic,claude-sonnet-5,ML25122A139#0,14774,4028
2026-07-03T02:00:57,anthropic,claude-sonnet-5,ML26022A036#0,15199,4045
2026-07-03T02:01:22,anthropic,claude-sonnet-5,ML25122A139#0,14772,3718
2026-07-03T02:11:53,anthropic,claude-sonnet-5,ML26022A036#0,15261,3480
2026-07-03T02:12:15,anthropic,claude-sonnet-5,ML25122A139#0,14834,3223
2026-07-03T02:24:31,anthropic,claude-sonnet-5,ML26022A036#0,15261,3893
2026-07-03T02:24:53,anthropic,claude-sonnet-5,ML25122A139#0,14834,3176
2026-07-03T02:25:23,anthropic,claude-sonnet-5,ML26022A036#0,15261,4097
2026-07-03T02:25:51,anthropic,claude-sonnet-5,ML25122A139#0,14834,3988
2026-07-03T02:26:21,anthropic,claude-sonnet-5,ML26022A036#0,15261,4049
2026-07-03T02:26:48,anthropic,claude-sonnet-5,ML25122A139#0,14834,3871
2026-07-03T02:27:24,anthropic,claude-sonnet-5,ML26022A036#0,14910,3539
2026-07-03T02:27:57,anthropic,claude-sonnet-5,ML25122A139#0,14569,4042
2026-07-03T02:28:31,anthropic,claude-sonnet-5,ML26022A036#0,14910,3859
2026-07-03T02:28:55,anthropic,claude-sonnet-5,ML25122A139#0,14569,3462
2026-07-03T02:29:21,anthropic,claude-sonnet-5,ML26022A036#0,14910,3524
2026-07-03T02:29:52,anthropic,claude-sonnet-5,ML25122A139#0,14569,3401
2026-07-03T02:35:27,anthropic,claude-sonnet-5,ML26022A036#0,14910,3517
2026-07-03T02:35:50,anthropic,claude-sonnet-5,ML25122A139#0,14569,3330
2026-07-05T02:23:22,anthropic,claude-sonnet-5,route#0,884,53
2026-07-05T02:23:25,anthropic,claude-sonnet-5,answer#0,1048,327
2026-07-05T02:23:41,anthropic,claude-sonnet-5,route#0,887,73
2026-07-05T02:23:44,anthropic,claude-sonnet-5,answer#0,549,232
2026-07-05T02:23:46,anthropic,claude-sonnet-5,route#0,895,100
2026-07-05T02:23:49,anthropic,claude-sonnet-5,answer#0,517,186
2026-07-05T02:23:51,anthropic,claude-sonnet-5,route#0,884,52
2026-07-05T02:23:54,anthropic,claude-sonnet-5,answer#0,1048,331
2026-07-05T02:23:55,anthropic,claude-sonnet-5,route#0,883,48
2026-07-05T02:23:58,anthropic,claude-sonnet-5,answer#0,589,275
2026-07-05T02:24:00,anthropic,claude-sonnet-5,route#0,881,47
2026-07-05T02:24:04,anthropic,claude-sonnet-5,answer#0,488,237
2026-07-05T02:24:05,anthropic,claude-sonnet-5,route#0,890,61
2026-07-05T02:24:10,anthropic,claude-sonnet-5,answer#0,819,440
2026-07-05T02:24:12,anthropic,claude-sonnet-5,route#0,889,54
2026-07-05T02:24:14,anthropic,claude-sonnet-5,answer#0,491,191
2026-07-05T02:24:16,anthropic,claude-sonnet-5,route#0,883,43
2026-07-05T02:24:19,anthropic,claude-sonnet-5,answer#0,450,119
2026-07-05T02:24:21,anthropic,claude-sonnet-5,route#0,892,67
2026-07-05T02:24:23,anthropic,claude-sonnet-5,answer#0,406,70
2026-07-05T02:31:55,anthropic,claude-sonnet-5,route#0,873,46
2026-07-05T02:31:57,anthropic,claude-sonnet-5,answer#0,387,69
2026-07-05T02:33:41,anthropic,claude-sonnet-5,route#0,889,58
2026-07-05T02:33:44,anthropic,claude-sonnet-5,answer#0,551,217
2026-07-08T23:08:28,anthropic,claude-sonnet-5,route#0,993,68
2026-07-08T23:08:32,anthropic,claude-sonnet-5,answer#0,617,213
2026-07-08T23:08:33,anthropic,claude-sonnet-5,route#0,1001,83
2026-07-08T23:08:36,anthropic,claude-sonnet-5,answer#0,585,192
2026-07-08T23:08:37,anthropic,claude-sonnet-5,route#0,990,54
2026-07-08T23:08:41,anthropic,claude-sonnet-5,answer#0,1048,330
2026-07-08T23:08:43,anthropic,claude-sonnet-5,route#0,989,48
2026-07-08T23:08:46,anthropic,claude-sonnet-5,answer#0,589,311
2026-07-08T23:08:48,anthropic,claude-sonnet-5,route#0,987,47
2026-07-08T23:08:50,anthropic,claude-sonnet-5,answer#0,488,205
2026-07-08T23:08:51,anthropic,claude-sonnet-5,route#0,996,64
2026-07-08T23:08:56,anthropic,claude-sonnet-5,answer#0,819,432
2026-07-08T23:08:58,anthropic,claude-sonnet-5,route#0,995,54
2026-07-08T23:09:01,anthropic,claude-sonnet-5,answer#0,491,210
2026-07-08T23:09:02,anthropic,claude-sonnet-5,route#0,989,50
2026-07-08T23:09:04,anthropic,claude-sonnet-5,answer#0,450,118
2026-07-08T23:09:06,anthropic,claude-sonnet-5,route#0,982,64
2026-07-08T23:09:09,anthropic,claude-sonnet-5,route#0,989,76
2026-07-08T23:09:11,anthropic,claude-sonnet-5,answer#0,573,187
2026-07-08T23:09:13,anthropic,claude-sonnet-5,route#0,991,59
2026-07-08T23:09:22,anthropic,claude-sonnet-5,answer#0,814,442
2026-07-08T23:09:24,anthropic,claude-sonnet-5,route#0,998,50
2026-07-08T23:09:28,anthropic,claude-sonnet-5,answer#0,406,70
2026-07-08T23:09:46,anthropic,claude-sonnet-5,route#0,982,68
2026-07-08T23:09:49,anthropic,claude-sonnet-5,route#0,994,76
2026-07-08T23:09:51,anthropic,claude-sonnet-5,answer#0,578,193
2026-07-10T01:45:47,anthropic,claude-sonnet-5,route#0,1164,66
2026-07-10T01:45:50,anthropic,claude-sonnet-5,answer#0,617,221
2026-07-10T01:45:52,anthropic,claude-sonnet-5,route#0,1172,64
2026-07-10T01:45:54,anthropic,claude-sonnet-5,answer#0,585,159
2026-07-10T01:45:55,anthropic,claude-sonnet-5,route#0,1161,53
2026-07-10T01:45:59,anthropic,claude-sonnet-5,answer#0,1048,329
2026-07-10T01:46:01,anthropic,claude-sonnet-5,route#0,1160,44
2026-07-10T01:46:03,anthropic,claude-sonnet-5,answer#0,589,302
2026-07-10T01:46:05,anthropic,claude-sonnet-5,route#0,1158,47
2026-07-10T01:46:07,anthropic,claude-sonnet-5,answer#0,488,194
2026-07-10T01:46:10,anthropic,claude-sonnet-5,route#0,1167,59
2026-07-10T01:46:16,anthropic,claude-sonnet-5,answer#0,819,389
2026-07-10T01:46:18,anthropic,claude-sonnet-5,route#0,1166,63
2026-07-10T01:46:21,anthropic,claude-sonnet-5,answer#0,491,183
2026-07-10T01:46:22,anthropic,claude-sonnet-5,route#0,1160,43
2026-07-10T01:46:24,anthropic,claude-sonnet-5,answer#0,450,135
2026-07-10T01:46:26,anthropic,claude-sonnet-5,route#0,1153,65
2026-07-10T01:46:28,anthropic,claude-sonnet-5,route#0,1160,62
2026-07-10T01:46:30,anthropic,claude-sonnet-5,answer#0,573,149
2026-07-10T01:46:32,anthropic,claude-sonnet-5,route#0,1162,59
2026-07-10T01:46:36,anthropic,claude-sonnet-5,answer#0,814,395
2026-07-10T01:46:40,anthropic,claude-sonnet-5,route#0,1169,60
2026-07-10T01:46:42,anthropic,claude-sonnet-5,answer#0,472,86
2026-07-12T22:18:18,anthropic,claude-sonnet-5,ML24242A163#0,21408,8192
2026-07-12T22:19:13,anthropic,claude-sonnet-5,ML24242A163#1,21446,8192
2026-07-12T22:20:10,anthropic,claude-sonnet-5,ML24242A163#2,21446,8192
2026-07-12T22:21:41,anthropic,claude-sonnet-5,ML24242A163#0,21408,9386
2026-07-12T22:30:53,anthropic,claude-sonnet-5,route#0,7472,70
2026-07-12T22:30:55,anthropic,claude-sonnet-5,route#0,7480,69
2026-07-12T22:30:57,anthropic,claude-sonnet-5,route#0,7469,56
2026-07-12T22:31:14,anthropic,claude-sonnet-5,answer#0,9269,1863
2026-07-12T22:31:16,anthropic,claude-sonnet-5,route#0,7468,48
2026-07-12T22:31:38,anthropic,claude-sonnet-5,answer#0,556623,1402
2026-07-12T22:31:40,anthropic,claude-sonnet-5,route#0,7466,49
2026-07-12T22:31:46,anthropic,claude-sonnet-5,answer#0,8214,498
2026-07-12T22:31:48,anthropic,claude-sonnet-5,route#0,7475,63
2026-07-12T22:31:56,anthropic,claude-sonnet-5,answer#0,79986,609
2026-07-12T22:31:58,anthropic,claude-sonnet-5,route#0,7474,56
2026-07-12T22:32:12,anthropic,claude-sonnet-5,answer#0,1997,1544
2026-07-12T22:32:13,anthropic,claude-sonnet-5,route#0,7468,43
2026-07-12T22:32:20,anthropic,claude-sonnet-5,answer#0,1491,864
2026-07-12T22:32:21,anthropic,claude-sonnet-5,route#0,7461,66
2026-07-12T22:32:24,anthropic,claude-sonnet-5,route#0,7468,67
2026-07-12T22:32:25,anthropic,claude-sonnet-5,route#0,7470,58
2026-07-12T22:32:36,anthropic,claude-sonnet-5,answer#0,79981,984
2026-07-12T22:32:38,anthropic,claude-sonnet-5,route#0,7477,78
2026-07-12T22:32:39,anthropic,claude-sonnet-5,answer#0,472,83
2026-07-12T22:39:04,anthropic,claude-sonnet-5,route#0,7479,71
2026-07-12T22:39:09,anthropic,claude-sonnet-5,answer#0,24733,353
2026-07-12T22:39:12,anthropic,claude-sonnet-5,route#0,7473,69
2026-07-12T22:39:18,anthropic,claude-sonnet-5,answer#0,6809,412
2026-07-12T22:39:20,anthropic,claude-sonnet-5,route#0,7469,52
2026-07-12T22:39:36,anthropic,claude-sonnet-5,answer#0,9269,1745
2026-07-12T22:39:38,anthropic,claude-sonnet-5,route#0,7467,47
2026-07-12T22:39:43,anthropic,claude-sonnet-5,answer#0,8215,441
2026-07-12T22:39:44,anthropic,claude-sonnet-5,route#0,7480,70
2026-07-12T22:39:57,anthropic,claude-sonnet-5,answer#0,2003,1471
2026-07-12T22:39:59,anthropic,claude-sonnet-5,route#0,7468,44
2026-07-12T22:40:05,anthropic,claude-sonnet-5,answer#0,1491,816
2026-07-12T22:40:07,anthropic,claude-sonnet-5,route#0,7467,71
2026-07-12T22:40:09,anthropic,claude-sonnet-5,route#0,7461,68
2026-07-12T22:40:10,anthropic,claude-sonnet-5,route#0,7470,58
2026-07-12T22:40:20,anthropic,claude-sonnet-5,answer#0,79981,863
2026-07-12T22:40:22,anthropic,claude-sonnet-5,route#0,7477,65
2026-07-12T22:40:26,anthropic,claude-sonnet-5,answer#0,406,118
2026-07-12T22:40:59,anthropic,claude-sonnet-5,route#0,7479,73
2026-07-12T22:41:05,anthropic,claude-sonnet-5,answer#0,24733,380
2026-07-12T22:43:24,anthropic,claude-sonnet-5,route#0,7479,76
2026-07-12T22:43:27,anthropic,claude-sonnet-5,answer#0,624,234
2026-07-12T22:43:29,anthropic,claude-sonnet-5,route#0,7473,79
2026-07-12T22:43:31,anthropic,claude-sonnet-5,answer#0,578,203
2026-07-12T22:43:32,anthropic,claude-sonnet-5,route#0,7469,53
2026-07-12T22:43:50,anthropic,claude-sonnet-5,answer#0,9269,1970
2026-07-12T22:43:52,anthropic,claude-sonnet-5,route#0,7467,49
2026-07-12T22:43:57,anthropic,claude-sonnet-5,answer#0,8215,408
2026-07-12T22:43:59,anthropic,claude-sonnet-5,route#0,7480,70
2026-07-12T22:44:11,anthropic,claude-sonnet-5,answer#0,2003,1380
2026-07-12T22:44:12,anthropic,claude-sonnet-5,route#0,7468,46
2026-07-12T22:44:20,anthropic,claude-sonnet-5,answer#0,1491,860
2026-07-12T22:44:22,anthropic,claude-sonnet-5,route#0,7467,66
2026-07-12T22:44:24,anthropic,claude-sonnet-5,route#0,7461,56
2026-07-12T22:44:26,anthropic,claude-sonnet-5,route#0,7470,59
2026-07-12T22:44:44,anthropic,claude-sonnet-5,answer#0,6849,1815
2026-07-12T22:44:46,anthropic,claude-sonnet-5,route#0,7477,66
2026-07-12T22:44:49,anthropic,claude-sonnet-5,answer#0,406,131
2026-07-13T19:04:29,anthropic,claude-sonnet-5,route#0,7873,77
2026-07-13T19:04:30,anthropic,claude-sonnet-5,route#0,7867,68
2026-07-13T19:04:32,anthropic,claude-sonnet-5,route#0,7863,54
2026-07-13T19:04:34,anthropic,claude-sonnet-5,route#0,7861,49
2026-07-13T19:04:35,anthropic,claude-sonnet-5,route#0,7874,60
2026-07-13T19:04:37,anthropic,claude-sonnet-5,route#0,7862,49
2026-07-13T19:04:38,anthropic,claude-sonnet-5,route#0,7861,64
2026-07-13T19:04:40,anthropic,claude-sonnet-5,route#0,7855,61
2026-07-13T19:04:42,anthropic,claude-sonnet-5,route#0,7864,58
2026-07-13T19:04:43,anthropic,claude-sonnet-5,route#0,7871,58
2026-07-13T19:04:45,anthropic,claude-sonnet-5,route#0,7860,53
2026-07-13T19:04:46,anthropic,claude-sonnet-5,route#0,7861,61
2026-07-13T19:04:48,anthropic,claude-sonnet-5,route#0,7860,62
2026-07-13T19:04:50,anthropic,claude-sonnet-5,route#0,7856,62
2026-07-13T19:06:22,anthropic,claude-sonnet-5,route#0,7996,63
2026-07-13T19:06:25,anthropic,claude-sonnet-5,route#0,8004,58
2026-07-13T19:06:28,anthropic,claude-sonnet-5,route#0,7995,66
2026-07-13T19:06:31,anthropic,claude-sonnet-5,route#0,8001,61
2026-07-13T19:06:34,anthropic,claude-sonnet-5,route#0,8000,60
2026-07-13T19:06:37,anthropic,claude-sonnet-5,route#0,7998,55
2026-07-13T19:10:43,anthropic,claude-sonnet-5,route#0,8007,70
2026-07-13T19:10:49,anthropic,claude-sonnet-5,answer#0,578,195
2026-07-13T19:10:52,anthropic,claude-sonnet-5,route#0,8002,54
2026-07-13T19:10:54,anthropic,claude-sonnet-5,answer#0,430,123
2026-07-13T19:44:54,anthropic,claude-sonnet-5,route#0,8013,70
2026-07-13T19:44:56,anthropic,claude-sonnet-5,answer#0,624,223
2026-07-13T19:45:00,anthropic,claude-sonnet-5,route#0,8007,70
2026-07-13T19:45:02,anthropic,claude-sonnet-5,answer#0,578,201
2026-07-13T19:45:05,anthropic,claude-sonnet-5,route#0,8003,54
2026-07-13T19:45:24,anthropic,claude-sonnet-5,answer#0,9890,2254
2026-07-13T19:45:27,anthropic,claude-sonnet-5,route#0,8001,49
2026-07-13T19:45:32,anthropic,claude-sonnet-5,answer#0,8865,372
2026-07-13T19:45:35,anthropic,claude-sonnet-5,route#0,8014,60
2026-07-13T19:45:51,anthropic,claude-sonnet-5,answer#0,2272,1952
2026-07-13T19:45:54,anthropic,claude-sonnet-5,route#0,8002,54
2026-07-13T19:46:00,anthropic,claude-sonnet-5,answer#0,1805,771
2026-07-13T19:46:03,anthropic,claude-sonnet-5,route#0,8001,64
2026-07-13T19:46:06,anthropic,claude-sonnet-5,route#0,7995,54
2026-07-13T19:46:09,anthropic,claude-sonnet-5,route#0,8004,63
2026-07-13T19:46:28,anthropic,claude-sonnet-5,answer#0,7202,1927
2026-07-13T19:46:31,anthropic,claude-sonnet-5,route#0,8011,67
2026-07-13T19:46:35,anthropic,claude-sonnet-5,answer#0,406,105
2026-07-13T19:46:38,anthropic,claude-sonnet-5,route#0,8004,55
2026-07-13T19:46:49,anthropic,claude-sonnet-5,answer#0,2281,1289
2026-07-13T19:46:52,anthropic,claude-sonnet-5,route#0,8007,59
2026-07-13T19:47:00,anthropic,claude-sonnet-5,answer#0,1517,859
2026-07-13T19:47:03,anthropic,claude-sonnet-5,route#0,8008,60
2026-07-13T19:47:13,anthropic,claude-sonnet-5,answer#0,1191,751
2026-07-13T19:47:17,anthropic,claude-sonnet-5,route#0,8006,58
2026-07-13T19:47:24,anthropic,claude-sonnet-5,answer#0,1540,720
2026-07-13T19:47:32,anthropic,claude-sonnet-5,answer#1,1578,795
2026-07-13T19:47:35,anthropic,claude-sonnet-5,route#0,7998,66
2026-07-13T19:47:42,anthropic,claude-sonnet-5,answer#0,1508,717
2026-07-17T17:27:44,anthropic,claude-sonnet-5,route#0,8013,72
2026-07-17T17:27:47,anthropic,claude-sonnet-5,answer#0,624,235
2026-07-17T17:27:49,anthropic,claude-sonnet-5,route#0,8007,70
2026-07-17T17:27:51,anthropic,claude-sonnet-5,answer#0,578,197
2026-07-17T17:27:53,anthropic,claude-sonnet-5,route#0,8003,53
2026-07-17T17:28:12,anthropic,claude-sonnet-5,answer#0,9890,2103
2026-07-17T17:28:13,anthropic,claude-sonnet-5,route#0,8001,45
2026-07-17T17:28:18,anthropic,claude-sonnet-5,answer#0,8865,377
2026-07-17T17:28:20,anthropic,claude-sonnet-5,route#0,8014,61
2026-07-17T17:28:35,anthropic,claude-sonnet-5,answer#0,2272,1961
2026-07-17T17:28:37,anthropic,claude-sonnet-5,route#0,8002,47
2026-07-17T17:28:44,anthropic,claude-sonnet-5,answer#0,1805,844
2026-07-17T17:28:45,anthropic,claude-sonnet-5,route#0,8001,65
2026-07-17T17:28:47,anthropic,claude-sonnet-5,route#0,7995,58
2026-07-17T17:28:49,anthropic,claude-sonnet-5,route#0,8004,64
2026-07-17T17:29:05,anthropic,claude-sonnet-5,answer#0,7202,1436
2026-07-17T17:29:07,anthropic,claude-sonnet-5,route#0,8011,66
2026-07-17T17:29:09,anthropic,claude-sonnet-5,answer#0,406,102
2026-07-17T17:29:11,anthropic,claude-sonnet-5,route#0,8004,54
2026-07-17T17:29:22,anthropic,claude-sonnet-5,answer#0,2281,1294
2026-07-17T17:29:24,anthropic,claude-sonnet-5,route#0,8007,63
2026-07-17T17:29:32,anthropic,claude-sonnet-5,answer#0,1517,745
2026-07-17T17:29:34,anthropic,claude-sonnet-5,route#0,8008,60
2026-07-17T17:29:40,anthropic,claude-sonnet-5,answer#0,1191,655
2026-07-17T17:29:43,anthropic,claude-sonnet-5,route#0,8006,58
2026-07-17T17:29:50,anthropic,claude-sonnet-5,answer#0,1540,771
2026-07-17T17:29:52,anthropic,claude-sonnet-5,route#0,7998,69
2026-07-17T17:30:00,anthropic,claude-sonnet-5,answer#0,1508,718
2026-07-17T17:37:39,anthropic,claude-sonnet-5,route#0,8003,70
2026-07-17T17:37:42,anthropic,claude-sonnet-5,answer#0,395,71
2026-07-17T17:38:33,anthropic,claude-sonnet-5,route#0,8010,68
2026-07-17T17:38:35,anthropic,claude-sonnet-5,answer#0,404,75
2026-07-17T17:39:34,anthropic,claude-sonnet-5,route#0,8009,122
2026-07-17T17:39:37,anthropic,claude-sonnet-5,answer#0,404,66
2026-07-17T17:40:30,anthropic,claude-sonnet-5,route#0,8011,58
2026-07-17T17:40:37,anthropic,claude-sonnet-5,answer#0,1205,598
2026-07-17T17:43:14,anthropic,claude-sonnet-5,route#0,8007,62
2026-07-17T17:43:16,anthropic,claude-sonnet-5,answer#0,402,62
2026-07-17T17:44:37,anthropic,claude-sonnet-5,route#0,8013,73
2026-07-17T17:44:39,anthropic,claude-sonnet-5,answer#0,408,89
2026-07-17T17:46:28,anthropic,claude-sonnet-5,route#0,8003,56
2026-07-17T17:46:35,anthropic,claude-sonnet-5,answer#0,1186,636
2026-07-17T18:00:37,anthropic,claude-sonnet-5,route#0,8159,52
2026-07-17T18:00:40,anthropic,claude-sonnet-5,route#0,8158,53
2026-07-17T18:00:41,anthropic,claude-sonnet-5,route#0,8155,56
2026-07-17T18:00:43,anthropic,claude-sonnet-5,route#0,8159,52
2026-07-17T18:00:50,anthropic,claude-sonnet-5,answer#0,1253,612
2026-07-17T18:01:44,anthropic,claude-sonnet-5,route#0,8165,72
2026-07-17T18:01:47,anthropic,claude-sonnet-5,answer#0,624,240
2026-07-17T18:01:49,anthropic,claude-sonnet-5,route#0,8159,73
2026-07-17T18:01:51,anthropic,claude-sonnet-5,answer#0,578,190
2026-07-17T18:01:55,anthropic,claude-sonnet-5,route#0,8155,53
2026-07-17T18:02:12,anthropic,claude-sonnet-5,answer#0,9890,1923
2026-07-17T18:02:15,anthropic,claude-sonnet-5,route#0,8153,47
2026-07-17T18:02:21,anthropic,claude-sonnet-5,answer#0,8865,388
2026-07-17T18:02:23,anthropic,claude-sonnet-5,route#0,8166,68
2026-07-17T18:02:38,anthropic,claude-sonnet-5,answer#0,2272,1962
2026-07-17T18:02:40,anthropic,claude-sonnet-5,route#0,8154,50
2026-07-17T18:02:47,anthropic,claude-sonnet-5,answer#0,1805,955
2026-07-17T18:02:49,anthropic,claude-sonnet-5,route#0,8153,67
2026-07-17T18:02:51,anthropic,claude-sonnet-5,route#0,8147,54
2026-07-17T18:02:52,anthropic,claude-sonnet-5,route#0,8156,56
2026-07-17T18:03:10,anthropic,claude-sonnet-5,answer#0,7202,1814
2026-07-17T18:03:15,anthropic,claude-sonnet-5,route#0,8163,64
2026-07-17T18:03:18,anthropic,claude-sonnet-5,answer#0,406,125
2026-07-17T18:03:20,anthropic,claude-sonnet-5,route#0,8156,54
2026-07-17T18:03:31,anthropic,claude-sonnet-5,answer#0,2281,1353
2026-07-17T18:03:33,anthropic,claude-sonnet-5,route#0,8159,60
2026-07-17T18:03:42,anthropic,claude-sonnet-5,answer#0,1517,828
2026-07-17T18:03:48,anthropic,claude-sonnet-5,answer#1,1555,702
2026-07-17T18:03:50,anthropic,claude-sonnet-5,route#0,8160,56
2026-07-17T18:03:58,anthropic,claude-sonnet-5,answer#0,1199,746
2026-07-17T18:03:59,anthropic,claude-sonnet-5,route#0,8159,51
2026-07-17T18:04:06,anthropic,claude-sonnet-5,answer#0,1253,593
2026-07-17T18:04:08,anthropic,claude-sonnet-5,route#0,8158,58
2026-07-17T18:04:16,anthropic,claude-sonnet-5,answer#0,1540,860
2026-07-17T18:04:17,anthropic,claude-sonnet-5,route#0,8150,60
2026-07-17T18:04:25,anthropic,claude-sonnet-5,answer#0,1508,842
2026-07-17T18:14:07,anthropic,claude-sonnet-5,route#0,8160,53
2026-07-17T18:14:15,anthropic,claude-sonnet-5,answer#0,1255,629
2026-07-17T18:15:47,anthropic,claude-sonnet-5,route#0,8159,52
2026-07-17T18:15:54,anthropic,claude-sonnet-5,answer#0,1253,635
2026-07-17T18:32:10,anthropic,claude-sonnet-5,route#0,8911,82
2026-07-17T18:32:12,anthropic,claude-sonnet-5,route#0,8909,83
2026-07-17T18:32:14,anthropic,claude-sonnet-5,route#0,8914,82
2026-07-17T18:32:16,anthropic,claude-sonnet-5,route#0,8907,88
2026-07-17T18:32:18,anthropic,claude-sonnet-5,route#0,8907,92
2026-07-17T18:32:20,anthropic,claude-sonnet-5,route#0,8913,54
2026-07-17T18:32:22,anthropic,claude-sonnet-5,route#0,8913,60
2026-07-17T18:32:24,anthropic,claude-sonnet-5,route#0,8911,58
2026-07-17T18:32:25,anthropic,claude-sonnet-5,route#0,8912,45
2026-07-17T18:32:27,anthropic,claude-sonnet-5,route#0,8910,86
2026-07-17T18:32:29,anthropic,claude-sonnet-5,route#0,8914,53
2026-07-17T18:32:31,anthropic,claude-sonnet-5,route#0,8907,69
2026-07-17T18:32:34,anthropic,claude-sonnet-5,route#0,8918,56
2026-07-17T18:33:20,anthropic,claude-sonnet-5,route#0,8909,83
2026-07-17T18:33:26,anthropic,claude-sonnet-5,answer#0,1118,509
2026-07-17T18:33:28,anthropic,claude-sonnet-5,route#0,8914,88
2026-07-17T18:33:37,anthropic,claude-sonnet-5,answer#0,1856,884
2026-07-17T18:33:46,anthropic,claude-sonnet-5,answer#1,1894,857
2026-07-17T18:34:48,anthropic,claude-sonnet-5,route#0,8924,76
2026-07-17T18:34:51,anthropic,claude-sonnet-5,answer#0,624,248
2026-07-17T18:34:53,anthropic,claude-sonnet-5,route#0,8918,70
2026-07-17T18:34:56,anthropic,claude-sonnet-5,answer#0,578,195
2026-07-17T18:34:58,anthropic,claude-sonnet-5,route#0,8914,55
2026-07-17T18:35:18,anthropic,claude-sonnet-5,answer#0,9890,2320
2026-07-17T18:35:20,anthropic,claude-sonnet-5,route#0,8912,45
2026-07-17T18:35:25,anthropic,claude-sonnet-5,answer#0,8865,395
2026-07-17T18:35:28,anthropic,claude-sonnet-5,route#0,8925,59
2026-07-17T18:35:42,anthropic,claude-sonnet-5,answer#0,2272,1795
2026-07-17T18:35:45,anthropic,claude-sonnet-5,route#0,8913,47
2026-07-17T18:35:52,anthropic,claude-sonnet-5,answer#0,1805,960
2026-07-17T18:35:54,anthropic,claude-sonnet-5,route#0,8912,66
2026-07-17T18:35:56,anthropic,claude-sonnet-5,route#0,8906,62
2026-07-17T18:35:58,anthropic,claude-sonnet-5,route#0,8915,62
2026-07-17T18:36:13,anthropic,claude-sonnet-5,answer#0,7202,1548
2026-07-17T18:36:15,anthropic,claude-sonnet-5,route#0,8922,66
2026-07-17T18:36:17,anthropic,claude-sonnet-5,answer#0,406,100
2026-07-17T18:36:19,anthropic,claude-sonnet-5,route#0,8915,54
2026-07-17T18:36:30,anthropic,claude-sonnet-5,answer#0,2281,1245
2026-07-17T18:36:32,anthropic,claude-sonnet-5,route#0,8918,60
2026-07-17T18:36:40,anthropic,claude-sonnet-5,answer#0,1517,840
2026-07-17T18:36:47,anthropic,claude-sonnet-5,answer#1,1555,732
2026-07-17T18:36:50,anthropic,claude-sonnet-5,route#0,8919,56
2026-07-17T18:36:56,anthropic,claude-sonnet-5,answer#0,1199,574
2026-07-17T18:36:57,anthropic,claude-sonnet-5,route#0,8918,51
2026-07-17T18:37:05,anthropic,claude-sonnet-5,answer#0,1253,671
2026-07-17T18:37:07,anthropic,claude-sonnet-5,route#0,8917,88
2026-07-17T18:37:13,anthropic,claude-sonnet-5,answer#0,1191,550
2026-07-17T18:37:15,anthropic,claude-sonnet-5,route#0,8914,91
2026-07-17T18:37:26,anthropic,claude-sonnet-5,answer#0,1856,1015
2026-07-17T18:37:34,anthropic,claude-sonnet-5,answer#1,1894,844
2026-07-17T18:37:36,anthropic,claude-sonnet-5,route#0,8911,86
2026-07-17T18:37:38,anthropic,claude-sonnet-5,answer#0,443,95
2026-07-17T18:37:40,anthropic,claude-sonnet-5,route#0,8909,64
2026-07-17T18:37:48,anthropic,claude-sonnet-5,answer#0,1508,718
2026-07-17T18:53:44,anthropic,claude-sonnet-5,route#0,9207,118
2026-07-17T18:53:46,anthropic,claude-sonnet-5,route#0,9201,106
2026-07-17T18:53:48,anthropic,claude-sonnet-5,route#0,9200,89
2026-07-17T18:53:50,anthropic,claude-sonnet-5,route#0,9208,95
2026-07-17T18:53:52,anthropic,claude-sonnet-5,route#0,9203,89
2026-07-17T18:53:54,anthropic,claude-sonnet-5,route#0,9209,85
2026-07-17T18:53:56,anthropic,claude-sonnet-5,route#0,9207,54
2026-07-17T18:54:01,anthropic,claude-sonnet-5,route#0,9205,59
2026-07-17T18:55:05,anthropic,claude-sonnet-5,route#0,9209,85
2026-07-17T18:55:13,anthropic,claude-sonnet-5,answer#0,1242,772
2026-07-17T18:55:14,anthropic,claude-sonnet-5,route#0,9207,89
2026-07-17T18:55:21,anthropic,claude-sonnet-5,answer#0,1109,636
2026-07-17T18:55:23,anthropic,claude-sonnet-5,route#0,9210,96
2026-07-17T18:55:30,anthropic,claude-sonnet-5,answer#0,1480,702
2026-07-17T18:55:32,anthropic,claude-sonnet-5,route#0,9210,111
2026-07-17T18:55:38,anthropic,claude-sonnet-5,answer#0,1397,565
2026-07-17T18:56:33,anthropic,claude-sonnet-5,route#0,9218,72
2026-07-17T18:56:35,anthropic,claude-sonnet-5,answer#0,624,224
2026-07-17T18:56:38,anthropic,claude-sonnet-5,route#0,9212,67
2026-07-17T18:56:40,anthropic,claude-sonnet-5,answer#0,578,195
2026-07-17T18:56:42,anthropic,claude-sonnet-5,route#0,9208,54
2026-07-17T18:57:00,anthropic,claude-sonnet-5,answer#0,9890,2077
2026-07-17T18:57:02,anthropic,claude-sonnet-5,route#0,9206,46
2026-07-17T18:57:07,anthropic,claude-sonnet-5,answer#0,8865,374
2026-07-17T18:57:09,anthropic,claude-sonnet-5,route#0,9219,60
2026-07-17T18:57:24,anthropic,claude-sonnet-5,answer#0,2272,1958
2026-07-17T18:57:26,anthropic,claude-sonnet-5,route#0,9207,46
2026-07-17T18:57:33,anthropic,claude-sonnet-5,answer#0,1805,936
2026-07-17T18:57:35,anthropic,claude-sonnet-5,route#0,9206,66
2026-07-17T18:57:37,anthropic,claude-sonnet-5,route#0,9200,64
2026-07-17T18:57:40,anthropic,claude-sonnet-5,route#0,9209,58
2026-07-17T18:57:58,anthropic,claude-sonnet-5,answer#0,7202,1774
2026-07-17T18:58:00,anthropic,claude-sonnet-5,route#0,9216,60
2026-07-17T18:58:03,anthropic,claude-sonnet-5,answer#0,406,100
2026-07-17T18:58:05,anthropic,claude-sonnet-5,route#0,9209,61
2026-07-17T18:58:16,anthropic,claude-sonnet-5,answer#0,2281,1233
2026-07-17T18:58:18,anthropic,claude-sonnet-5,route#0,9212,60
2026-07-17T18:58:25,anthropic,claude-sonnet-5,answer#0,1517,706
2026-07-17T18:58:28,anthropic,claude-sonnet-5,route#0,9213,56
2026-07-17T18:58:35,anthropic,claude-sonnet-5,answer#0,1199,540
2026-07-17T18:58:37,anthropic,claude-sonnet-5,route#0,9212,52
2026-07-17T18:58:44,anthropic,claude-sonnet-5,answer#0,1253,589
2026-07-17T18:58:46,anthropic,claude-sonnet-5,route#0,9211,58
2026-07-17T18:58:54,anthropic,claude-sonnet-5,answer#0,1540,840
2026-07-17T18:58:55,anthropic,claude-sonnet-5,route#0,9208,85
2026-07-17T18:59:05,anthropic,claude-sonnet-5,answer#0,1852,1005
2026-07-17T18:59:14,anthropic,claude-sonnet-5,answer#1,1890,832
2026-07-17T18:59:16,anthropic,claude-sonnet-5,route#0,9205,94
2026-07-17T18:59:20,anthropic,claude-sonnet-5,answer#0,438,70
2026-07-17T18:59:22,anthropic,claude-sonnet-5,route#0,9210,105
2026-07-17T18:59:29,anthropic,claude-sonnet-5,answer#0,1397,806
2026-07-17T18:59:31,anthropic,claude-sonnet-5,route#0,9209,85
2026-07-17T18:59:38,anthropic,claude-sonnet-5,answer#0,1242,701
2026-07-17T18:59:40,anthropic,claude-sonnet-5,route#0,9205,88
2026-07-17T18:59:45,anthropic,claude-sonnet-5,answer#0,1107,481
2026-07-17T18:59:47,anthropic,claude-sonnet-5,route#0,9210,99
2026-07-17T18:59:55,anthropic,claude-sonnet-5,answer#0,1480,781
2026-07-17T18:59:57,anthropic,claude-sonnet-5,route#0,9206,92
2026-07-17T19:00:02,anthropic,claude-sonnet-5,answer#0,1224,510
2026-07-17T19:00:04,anthropic,claude-sonnet-5,route#0,9203,65
2026-07-17T19:00:12,anthropic,claude-sonnet-5,answer#0,1508,828
2026-07-17T19:11:43,anthropic,claude-sonnet-5,route#0,9201,103
2026-07-17T19:11:52,anthropic,claude-sonnet-5,answer#0,1707,950
2026-07-17T19:13:08,anthropic,claude-sonnet-5,route#0,9205,85
2026-07-17T19:13:13,anthropic,claude-sonnet-5,answer#0,1098,457
2026-07-17T19:14:39,anthropic,claude-sonnet-5,route#0,9212,132
2026-07-17T19:14:45,anthropic,claude-sonnet-5,answer#0,1098,559
2026-07-17T19:20:24,anthropic,claude-sonnet-5,route#0,9207,89
2026-07-17T19:20:31,anthropic,claude-sonnet-5,answer#0,1286,661
